Review;Cutoff
1997-06-23;1997-05-30
1997-12-22;1997-11-28
1998-06-22;1998-05-29
1998-12-21;1998-11-30
1999-06-21;1999-05-31
1999-12-20;1999-11-30
2000-06-19;2000-05-31
2000-12-18;2000-11-30
2001-06-18;2001-05-31
2001-12-24;2001-11-30
2002-06-24;2002-05-31
2002-12-23;2002-11-29
2003-06-23;2003-05-30
2003-12-22;2003-11-28
2004-06-21;2004-05-31
2004-12-20;2004-11-30
2005-06-20;2005-05-31
2005-12-19;2005-11-30
2006-06-19;2006-05-31
2006-12-18;2006-11-30
2007-06-18;2007-05-31
2007-12-24;2007-11-30
2008-06-23;2008-05-30
2008-12-22;2008-11-28
2009-06-22;2009-05-29
2009-12-21;2009-11-30
2010-06-21;2010-05-31
2010-12-20;2010-11-30
2011-06-20;2011-05-31
2011-12-19;2011-11-30
2012-06-18;2012-05-31
2012-12-24;2012-11-30
2013-06-24;2013-05-31
2013-12-23;2013-11-29
2014-06-23;2014-05-30
2014-12-22;2014-11-28
2015-06-22;2015-05-29
2015-12-21;2015-11-30
2016-06-20;2016-05-31
2016-12-19;2016-11-30
2017-06-19;2017-05-31
2017-12-18;2017-11-30
2018-06-18;2018-05-31
2018-12-24;2018-11-30
2019-06-24;2019-05-31
2019-12-23;2019-11-29
2020-06-22;2020-05-29
2020-12-21;2020-11-30
2021-06-21;2021-05-31
2021-12-20;2021-11-30
2022-06-20;2022-05-31
2022-12-19;2022-11-30
2023-06-19;2023-05-31
2023-12-18;2023-11-30
2024-06-24;2024-05-31
2024-12-23;2024-11-29
